{"cameraMode":{"drawMode":0,"name":"Shaded","section":"Shading Mode"},"sceneLighting":true,"audioPlay":false,"sceneViewState":{"showFog":true,"showMaterialUpdate":false,"showSkybox":true,"showFlares":true,"showImageEffects":true,"showParticleSystems":true},"in2DMode":false,"pivot":{"x":5.029633522033691,"y":4.757840633392334,"z":-10.685446739196778},"rotation":{"x":-0.1890580952167511,"y":0.6323678493499756,"z":-0.16302670538425446,"w":-0.7333419322967529},"size":11.058721542358399,"orthographic":false}